{"cameraMode":{"drawMode":0,"name":"Shaded","section":"Shading Mode"},"sceneLighting":true,"audioPlay":false,"sceneViewState":{"m_AlwaysRefresh":false,"showFog":true,"showSkybox":true,"showFlares":true,"showImageEffects":true,"showParticleSystems":true,"showVisualEffectGraphs":true,"m_FxEnabled":true},"in2DMode":false,"pivot":{"x":-157.12937927246095,"y":241.5314483642578,"z":163.59678649902345},"rotation":{"x":-0.019563844427466394,"y":0.9800769686698914,"z":-0.15294842422008515,"w":-0.12534038722515107},"size":466.1683349609375,"orthographic":false}